PRAGMA defer_foreign_keys=TRUE;
CREATE TABLE d1_migrations(
		id         INTEGER PRIMARY KEY AUTOINCREMENT,
		name       TEXT UNIQUE,
		applied_at TIMESTAMP DEFAULT CURRENT_TIMESTAMP NOT NULL
);
INSERT INTO d1_migrations VALUES(1,'0001_initial.sql','2025-07-27 19:44:03');
INSERT INTO d1_migrations VALUES(2,'0002_add_pickup_status.sql','2025-07-27 19:44:03');
INSERT INTO d1_migrations VALUES(3,'0003_add_status_history.sql','2025-07-27 19:44:04');
CREATE TABLE IF NOT EXISTS "cars" (
    id INTEGER PRIMARY KEY,
    make TEXT NOT NULL,
    model TEXT NOT NULL,
    color TEXT NOT NULL,
    license_plate TEXT NOT NULL,
    status TEXT NOT NULL DEFAULT 'PRE_ARRIVAL' CHECK (status IN ('PRE_ARRIVAL', 'REGISTERED', 'ON_DECK', 'DONE', 'PICKED_UP')),
    created_at DATETIME DEFAULT CURRENT_TIMESTAMP,
    registered_at DATETIME,
    on_deck_at DATETIME,
    completed_at DATETIME,
    picked_up_at DATETIME
);
INSERT INTO cars VALUES(0,'Ford','Escape','silver','KAM7724','PICKED_UP','2025-09-27T02:29:57.503Z','2025-09-27T12:29:11.378Z','2025-09-27T13:54:49.529Z','2025-09-27T14:46:59.823Z','2025-09-27T14:51:41.084Z');
INSERT INTO cars VALUES(1,'Mercedes','Benz','silver','18682','PICKED_UP','2025-09-27T02:29:57.503Z',NULL,'2025-09-27T13:47:24.719Z','2025-09-27T14:27:51.169Z','2025-09-27T14:44:50.537Z');
INSERT INTO cars VALUES(2,'Mitsubishi','Outlander','black','45BHWG','PICKED_UP','2025-09-27T02:29:57.503Z','2025-09-27T15:32:01.132Z','2025-09-27T15:38:49.103Z','2025-09-27T16:11:22.134Z','2025-09-27T16:19:52.225Z');
INSERT INTO cars VALUES(3,'Chevrolet','Trailblazer','black','76L635','PICKED_UP','2025-09-27T02:29:57.503Z',NULL,'2025-09-27T13:41:30.550Z','2025-09-27T14:23:08.485Z','2025-09-27T14:30:28.898Z');
INSERT INTO cars VALUES(5,'Chevy','Equinox','white','34g969','PICKED_UP','2025-09-27T02:29:57.503Z',NULL,'2025-09-27T14:09:20.193Z','2025-09-27T14:42:39.462Z','2025-09-27T16:11:06.420Z');
INSERT INTO cars VALUES(6,'Chrysler','Pacifica','white','I don’t know','PICKED_UP','2025-09-27T02:29:57.503Z','2025-09-27T14:36:00.379Z','2025-09-27T14:41:51.951Z','2025-09-27T15:23:58.676Z','2025-09-27T15:30:27.242Z');
INSERT INTO cars VALUES(7,'Ford','Escape','black','37a972','PICKED_UP','2025-09-27T02:29:57.503Z',NULL,'2025-09-27T13:46:08.634Z','2025-09-27T14:28:16.722Z','2025-09-27T15:07:22.185Z');
INSERT INTO cars VALUES(8,'Buick','LaCrosse','red','74V 144','PICKED_UP','2025-09-27T02:29:57.503Z',NULL,'2025-09-27T13:59:50.646Z','2025-09-27T14:31:31.856Z','2025-09-27T15:28:28.578Z');
INSERT INTO cars VALUES(9,'Subaru','Forester','silver','47863','PICKED_UP','2025-09-27T02:29:57.503Z',NULL,'2025-09-27T13:52:01.933Z','2025-09-27T14:23:16.310Z','2025-09-27T14:27:55.748Z');
INSERT INTO cars VALUES(10,'Ford','Fiesta','black','KLY6412','PICKED_UP','2025-09-27T02:29:57.503Z','2025-09-27T14:36:08.788Z','2025-09-27T14:41:43.669Z','2025-09-27T15:08:46.915Z','2025-09-27T15:12:40.858Z');
INSERT INTO cars VALUES(11,'Hyundai','Palisade','gray','JWE686','PRE_ARRIVAL','2025-09-27T02:29:57.503Z',NULL,NULL,NULL,NULL);
INSERT INTO cars VALUES(12,'Kia','Soul','red','N42914A','PICKED_UP','2025-09-27T02:29:57.503Z',NULL,'2025-09-27T14:06:44.975Z','2025-09-27T14:42:46.185Z','2025-09-27T15:06:40.112Z');
INSERT INTO cars VALUES(13,'Chevy','Equinox','red','506476A','PICKED_UP','2025-09-27T02:29:57.503Z',NULL,'2025-09-27T17:02:01.262Z','2025-09-27T17:59:13.008Z','2025-09-27T18:02:41.972Z');
INSERT INTO cars VALUES(14,'Ford','F150 STX','white','1WV460','PICKED_UP','2025-09-27T02:29:57.503Z','2025-09-27T14:14:42.248Z','2025-09-27T14:17:32.459Z','2025-09-27T14:52:23.084Z','2025-09-27T15:08:35.476Z');
INSERT INTO cars VALUES(15,'Kia','Optima','silver','KAM7269','PICKED_UP','2025-09-27T02:29:57.503Z',NULL,'2025-09-27T13:44:18.140Z','2025-09-27T14:54:00.262Z','2025-09-27T15:06:47.519Z');
INSERT INTO cars VALUES(16,'Ford','F-150','white','Khv4877','PICKED_UP','2025-09-27T02:29:57.503Z',NULL,'2025-09-27T13:38:57.672Z','2025-09-27T14:42:51.810Z','2025-09-27T15:53:02.574Z');
INSERT INTO cars VALUES(17,'Chevy','Traverse','brown','NXM397','PRE_ARRIVAL','2025-09-27T02:29:57.503Z',NULL,NULL,NULL,NULL);
INSERT INTO cars VALUES(18,'Chevrolet','Equinox','silver','443859A','PICKED_UP','2025-09-27T02:29:57.503Z','2025-09-27T14:31:53.802Z','2025-09-27T14:43:50.507Z','2025-09-27T15:05:44.194Z','2025-09-27T15:08:22.212Z');
INSERT INTO cars VALUES(19,'Kia','Soul','red','O13877A','PICKED_UP','2025-09-27T02:29:57.503Z','2025-09-27T14:24:23.710Z','2025-09-27T14:30:55.774Z','2025-09-27T14:49:15.884Z','2025-09-27T14:58:08.620Z');
INSERT INTO cars VALUES(20,'Mitsubishi','Outlander','silver','41N535','PICKED_UP','2025-09-27T02:29:57.503Z','2025-09-27T14:41:04.381Z','2025-09-27T14:46:11.509Z','2025-09-27T15:49:45.888Z','2025-09-27T16:01:22.947Z');
INSERT INTO cars VALUES(21,'Subaru','Legacy','white','77T977','PICKED_UP','2025-09-27T02:29:57.503Z','2025-09-27T14:19:39.089Z','2025-09-27T14:28:40.079Z','2025-09-27T14:46:41.980Z','2025-09-27T14:58:11.976Z');
INSERT INTO cars VALUES(22,'Mercury','Marques','white','93H 790','PICKED_UP','2025-09-27T02:29:57.503Z','2025-09-27T14:15:18.462Z','2025-09-27T14:20:42.045Z','2025-09-27T14:49:47.817Z','2025-09-27T15:07:39.233Z');
INSERT INTO cars VALUES(23,'Dodge','Charger','purple','Ave-8602','PRE_ARRIVAL','2025-09-27T02:29:57.503Z',NULL,NULL,NULL,NULL);
INSERT INTO cars VALUES(24,'Jeep','Patriot','red','5wn996','PICKED_UP','2025-09-27T02:29:57.503Z',NULL,'2025-09-27T14:14:29.110Z','2025-09-27T14:36:22.386Z','2025-09-27T15:07:30.136Z');
INSERT INTO cars VALUES(25,'Pontiac','Grand Prix','blue','46U776','PICKED_UP','2025-09-27T02:29:57.503Z','2025-09-27T14:22:10.385Z','2025-09-27T14:28:47.671Z','2025-09-27T15:11:00.143Z','2025-09-27T15:23:43.453Z');
INSERT INTO cars VALUES(26,'Dodge','Neon','orange','428033A','PICKED_UP','2025-09-27T02:29:57.503Z','2025-09-27T14:33:23.860Z','2025-09-27T14:38:51.733Z','2025-09-27T15:13:16.794Z','2025-09-27T15:18:32.108Z');
INSERT INTO cars VALUES(27,'Kia','Optima','white','OKJ831','PICKED_UP','2025-09-27T02:29:57.503Z',NULL,'2025-09-27T13:36:58.430Z','2025-09-27T14:12:47.232Z','2025-09-27T14:23:48.672Z');
INSERT INTO cars VALUES(28,'Chevrolet','Cobalt','black','56M 149','PICKED_UP','2025-09-27T02:29:57.503Z',NULL,'2025-09-27T18:09:41.658Z','2025-09-27T18:32:05.452Z','2025-09-27T19:03:45.237Z');
INSERT INTO cars VALUES(29,'Dodge','Ram 1500','red','6vx346','PICKED_UP','2025-09-27T02:29:57.503Z','2025-09-27T14:17:41.133Z','2025-09-27T14:28:54.190Z','2025-09-27T14:44:56.511Z','2025-09-27T15:06:33.706Z');
INSERT INTO cars VALUES(30,'Kia','Sportage','white','E42606','PRE_ARRIVAL','2025-09-27T02:29:57.503Z',NULL,NULL,NULL,NULL);
INSERT INTO cars VALUES(31,'GMC','Acadia','gold','DJX3576','PICKED_UP','2025-09-27T02:29:57.503Z','2025-09-27T14:29:00.318Z','2025-09-27T14:34:28.438Z','2025-09-27T15:05:28.455Z','2025-09-27T15:10:25.251Z');
INSERT INTO cars VALUES(32,'Nissan','Rouge','gray','42d385','PICKED_UP','2025-09-27T02:29:57.503Z','2025-09-27T15:02:50.382Z','2025-09-27T15:07:57.023Z','2025-09-27T15:40:43.077Z','2025-09-27T16:20:27.987Z');
INSERT INTO cars VALUES(33,'Ford','Explorer','silver','2ZD592','PICKED_UP','2025-09-27T02:29:57.503Z','2025-09-27T15:08:38.945Z','2025-09-27T15:10:34.637Z','2025-09-27T15:30:36.789Z','2025-09-27T15:45:15.070Z');
INSERT INTO cars VALUES(34,'Hyundai','Elantra','white','58y599','PICKED_UP','2025-09-27T02:29:57.503Z',NULL,'2025-09-27T14:53:35.070Z','2025-09-27T15:30:07.924Z','2025-09-27T15:31:59.662Z');
INSERT INTO cars VALUES(35,'Dodge','Grand Caravan','blue','JWC9924','PICKED_UP','2025-09-27T02:29:57.503Z','2025-09-27T15:00:03.402Z','2025-09-27T15:08:00.588Z','2025-09-27T15:37:33.263Z','2025-09-27T15:51:04.565Z');
INSERT INTO cars VALUES(36,'Chevrolet','Impalla LTZ','silver','2SD321','PRE_ARRIVAL','2025-09-27T02:29:57.503Z',NULL,NULL,NULL,NULL);
INSERT INTO cars VALUES(37,'Ford','Taurus','blue','428891A','PRE_ARRIVAL','2025-09-27T02:29:57.503Z',NULL,NULL,NULL,NULL);
INSERT INTO cars VALUES(38,'Kia','Sorento','white','HYQ1612','PICKED_UP','2025-09-27T02:29:57.503Z','2025-09-27T15:13:53.290Z','2025-09-27T15:16:51.520Z','2025-09-27T15:57:56.911Z','2025-09-27T15:58:39.969Z');
INSERT INTO cars VALUES(39,'Ford','Escape','gray','FYT4781','PICKED_UP','2025-09-27T02:29:57.503Z',NULL,'2025-09-27T15:13:21.660Z','2025-09-27T15:35:00.474Z','2025-09-27T15:58:44.504Z');
INSERT INTO cars VALUES(40,'Dodge','Grand Caravan','black','LCS9311 (NC)','PICKED_UP','2025-09-27T02:29:57.503Z','2025-09-27T14:43:03.550Z','2025-09-27T14:48:01.523Z','2025-09-27T15:13:25.268Z','2025-09-27T15:23:40.309Z');
INSERT INTO cars VALUES(41,'Kia','Seltos','blue','308353A','PICKED_UP','2025-09-27T02:29:57.503Z',NULL,'2025-09-27T14:51:20.008Z','2025-09-27T15:10:42.594Z','2025-09-27T15:23:36.171Z');
INSERT INTO cars VALUES(42,'Nissan','Xterra','white','743948A','PICKED_UP','2025-09-27T02:29:57.503Z','2025-09-27T15:09:38.263Z','2025-09-27T15:10:36.451Z','2025-09-27T16:04:58.526Z','2025-09-27T16:08:53.193Z');
INSERT INTO cars VALUES(43,'Honda','Pilot','black','JEFSWIFE','PICKED_UP','2025-09-27T02:29:57.503Z','2025-09-27T14:57:33.112Z','2025-09-27T15:08:30.663Z','2025-09-27T15:43:17.472Z','2025-09-27T15:51:47.261Z');
INSERT INTO cars VALUES(44,'Ford','Focus SE','gray','4xz 930','PICKED_UP','2025-09-27T02:29:57.503Z',NULL,'2025-09-27T14:52:58.620Z','2025-09-27T15:20:24.846Z','2025-09-27T15:26:42.674Z');
INSERT INTO cars VALUES(45,'Ford','Fusion','black','932-556A','PRE_ARRIVAL','2025-09-27T02:29:57.503Z',NULL,NULL,NULL,NULL);
INSERT INTO cars VALUES(46,'Buick','Enclave','black','Wfp1063','PICKED_UP','2025-09-27T02:29:57.503Z','2025-09-27T15:15:29.588Z','2025-09-27T15:21:04.197Z','2025-09-27T15:55:12.680Z','2025-09-27T16:12:01.481Z');
INSERT INTO cars VALUES(47,'Dodge','Caliber Mainstreet','white','831 802A','PRE_ARRIVAL','2025-09-27T02:29:57.503Z',NULL,NULL,NULL,NULL);
INSERT INTO cars VALUES(48,'Buick','Verano','red','49J331','PICKED_UP','2025-09-27T02:29:57.503Z','2025-09-27T15:39:30.424Z','2025-09-27T15:53:19.837Z','2025-09-27T16:37:21.577Z','2025-09-27T16:40:45.483Z');
INSERT INTO cars VALUES(49,'Nissan','Armada','white','94K569','PICKED_UP','2025-09-27T02:29:57.503Z',NULL,'2025-09-27T14:49:44.921Z','2025-09-27T15:26:52.368Z','2025-09-27T15:32:31.544Z');
INSERT INTO cars VALUES(50,'Ford','Ford Edge','black','930 849A','PICKED_UP','2025-09-27T02:29:57.503Z','2025-09-27T15:17:44.139Z','2025-09-27T15:23:17.681Z','2025-09-27T16:12:08.096Z','2025-09-27T16:19:22.533Z');
INSERT INTO cars VALUES(51,'Jeep','Grand Cherokee','white','96G673','PICKED_UP','2025-09-27T02:29:57.503Z','2025-09-27T15:50:57.974Z','2025-09-27T15:56:35.278Z','2025-09-27T16:28:20.441Z','2025-09-27T16:31:13.708Z');
INSERT INTO cars VALUES(52,'Chevy','Sonic','black','KHV5299','PICKED_UP','2025-09-27T02:29:57.503Z','2025-09-27T15:28:50.609Z','2025-09-27T15:34:40.996Z','2025-09-27T16:05:56.288Z','2025-09-27T16:18:39.121Z');
INSERT INTO cars VALUES(53,'GMC','Terrain','black','KBH8149','PICKED_UP','2025-09-27T02:29:57.503Z','2025-09-27T15:41:19.884Z','2025-09-27T15:53:27.949Z','2025-09-27T16:20:52.575Z','2025-09-27T16:30:45.097Z');
INSERT INTO cars VALUES(54,'Chevy cobalt','Cobalt','green','754215a','PICKED_UP','2025-09-27T02:29:57.503Z',NULL,'2025-09-27T15:12:10.314Z','2025-09-27T15:40:49.587Z','2025-09-27T15:48:54.338Z');
INSERT INTO cars VALUES(55,'Jeep','Wrangler','gray','54C718','PICKED_UP','2025-09-27T02:29:57.503Z','2025-09-27T15:16:36.566Z','2025-09-27T15:27:12.379Z','2025-09-27T16:07:34.189Z','2025-09-27T16:09:48.405Z');
INSERT INTO cars VALUES(56,'Kia','Forte','silver','73S546','PICKED_UP','2025-09-27T02:29:57.503Z','2025-09-27T15:23:43.741Z','2025-09-27T15:27:08.687Z','2025-09-27T15:56:26.660Z','2025-09-27T16:05:49.260Z');
INSERT INTO cars VALUES(57,'Buick LeSabre','Lesabre','gold','87R512','PICKED_UP','2025-09-27T02:29:57.503Z','2025-09-27T15:32:27.753Z','2025-09-27T15:38:54.043Z','2025-09-27T16:04:55.371Z','2025-09-27T16:47:57.274Z');
INSERT INTO cars VALUES(58,'Dodge','Durango','black','UB226284','PICKED_UP','2025-09-27T02:29:57.503Z','2025-09-27T15:33:57.693Z','2025-09-27T15:42:31.998Z','2025-09-27T16:22:14.202Z','2025-09-27T16:44:54.607Z');
INSERT INTO cars VALUES(59,'Jeep','Cherokee Latitude','white','5hr357','PICKED_UP','2025-09-27T02:29:57.503Z','2025-09-27T15:17:15.367Z','2025-09-27T15:34:45.193Z','2025-09-27T16:12:17.826Z','2025-09-27T16:20:03.383Z');
INSERT INTO cars VALUES(60,'Chevy','Silverado','white','1VZ388','PRE_ARRIVAL','2025-09-27T02:29:57.503Z',NULL,NULL,NULL,NULL);
INSERT INTO cars VALUES(61,'Chevrolet','Suburban Premier','black','712477A','PRE_ARRIVAL','2025-09-27T02:29:57.503Z',NULL,NULL,NULL,NULL);
INSERT INTO cars VALUES(62,'Honda','Pilot','white','4AD','PICKED_UP','2025-09-27T02:29:57.503Z','2025-09-27T15:43:09.879Z','2025-09-27T15:53:55.522Z','2025-09-27T16:27:59.268Z','2025-09-27T16:38:27.875Z');
INSERT INTO cars VALUES(63,'Dodge','Avenger','white','N09480A','PICKED_UP','2025-09-27T02:29:57.503Z',NULL,'2025-09-27T17:53:50.657Z','2025-09-27T18:38:29.789Z','2025-09-27T18:42:25.034Z');
INSERT INTO cars VALUES(64,'Dodge','Journey','red','GUU8943','PICKED_UP','2025-09-27T02:29:57.503Z','2025-09-27T15:55:14.565Z','2025-09-27T15:56:52.632Z','2025-09-27T16:16:47.432Z','2025-09-27T16:33:22.311Z');
INSERT INTO cars VALUES(65,'Homda','Accord exl','gray','82J 368','PICKED_UP','2025-09-27T02:29:57.503Z','2025-09-27T15:58:37.213Z','2025-09-27T16:01:15.072Z','2025-09-27T16:45:14.687Z','2025-09-27T16:55:05.263Z');
INSERT INTO cars VALUES(66,'Jeep','Wrangler','yellow','5ZC664','PICKED_UP','2025-09-27T02:29:57.503Z','2025-09-27T16:01:07.176Z','2025-09-27T16:02:04.670Z','2025-09-27T16:28:10.516Z','2025-09-27T17:06:20.255Z');
INSERT INTO cars VALUES(67,'Chevy','Equinox','blue','1vj827','PRE_ARRIVAL','2025-09-27T02:29:57.503Z',NULL,NULL,NULL,NULL);
INSERT INTO cars VALUES(68,'Toyota','Camry','black','6ZH704','PICKED_UP','2025-09-27T02:29:57.503Z','2025-09-27T16:03:34.317Z','2025-09-27T16:04:27.422Z','2025-09-27T16:41:04.847Z','2025-09-27T17:00:43.406Z');
INSERT INTO cars VALUES(69,'Kia','Optima','silver','KPC7437','PRE_ARRIVAL','2025-09-27T02:29:57.503Z',NULL,NULL,NULL,NULL);
INSERT INTO cars VALUES(70,'Mazda','Mazda 6','silver','96K664','PRE_ARRIVAL','2025-09-27T02:29:57.503Z',NULL,NULL,NULL,NULL);
INSERT INTO cars VALUES(71,'Chevy','Malibu','red','97g853','PRE_ARRIVAL','2025-09-27T02:29:57.503Z',NULL,NULL,NULL,NULL);
INSERT INTO cars VALUES(72,'Chrysler','Sebring','gray','331594A','PICKED_UP','2025-09-27T02:29:57.503Z',NULL,'2025-09-27T16:08:08.452Z','2025-09-27T16:48:13.383Z','2025-09-27T17:00:49.274Z');
INSERT INTO cars VALUES(73,'Subaru','Outback','gold','322990A','PICKED_UP','2025-09-27T02:29:57.503Z',NULL,'2025-09-27T17:29:16.028Z','2025-09-27T17:59:46.309Z','2025-09-27T18:09:56.497Z');
INSERT INTO cars VALUES(74,'Mitsubishi','Outlander','red','HPP 7896','PRE_ARRIVAL','2025-09-27T02:29:57.503Z',NULL,NULL,NULL,NULL);
INSERT INTO cars VALUES(75,'Jeep','Patriot','white','Jus3229','PICKED_UP','2025-09-27T02:29:57.503Z','2025-09-27T16:16:46.546Z','2025-09-27T16:17:23.931Z','2025-09-27T16:46:29.823Z','2025-09-27T16:49:59.133Z');
INSERT INTO cars VALUES(76,'Subaru','Outback','red','Koh9098','PRE_ARRIVAL','2025-09-27T02:29:57.503Z',NULL,NULL,NULL,NULL);
INSERT INTO cars VALUES(77,'Chevrolet','Spark','blue','100669A','PICKED_UP','2025-09-27T02:29:57.503Z','2025-09-27T15:33:39.677Z','2025-09-27T15:42:14.571Z','2025-09-27T16:04:37.841Z','2025-09-27T16:38:07.453Z');
INSERT INTO cars VALUES(78,'Chevrolet','Impala','silver','KLB5031','PICKED_UP','2025-09-27T02:29:57.503Z','2025-09-27T16:02:19.519Z','2025-09-27T16:03:27.033Z','2025-09-27T16:49:04.887Z','2025-09-27T17:00:37.635Z');
INSERT INTO cars VALUES(79,'Chevy','Traverse','red','KJT6032','PRE_ARRIVAL','2025-09-27T02:29:57.503Z',NULL,NULL,NULL,NULL);
INSERT INTO cars VALUES(80,'Chevy','Aveao','black','KJE5425','PRE_ARRIVAL','2025-09-27T02:29:57.503Z',NULL,NULL,NULL,NULL);
INSERT INTO cars VALUES(81,'Dodge','Durango Citadel','white','JYD2973','PICKED_UP','2025-09-27T02:29:57.503Z',NULL,'2025-09-27T16:05:41.227Z','2025-09-27T16:36:11.349Z','2025-09-27T16:50:55.488Z');
INSERT INTO cars VALUES(82,'Chevy','Cruze','blue','49J-313','PRE_ARRIVAL','2025-09-27T02:29:57.503Z',NULL,NULL,NULL,NULL);
INSERT INTO cars VALUES(83,'Dodge','Grand caravan','white','JIK1504','PRE_ARRIVAL','2025-09-27T02:29:57.503Z',NULL,NULL,NULL,NULL);
INSERT INTO cars VALUES(84,'Chevy','Cruze','white','627454A','PICKED_UP','2025-09-27T02:29:57.503Z',NULL,'2025-09-27T16:36:12.117Z','2025-09-27T16:55:18.253Z','2025-09-27T17:29:23.759Z');
INSERT INTO cars VALUES(85,'Kia','Soul','silver','308869A','PRE_ARRIVAL','2025-09-27T02:29:57.503Z',NULL,NULL,NULL,NULL);
INSERT INTO cars VALUES(86,'Ford','Fusion','gray','1LE439','PICKED_UP','2025-09-27T02:29:57.503Z',NULL,'2025-09-27T16:15:50.727Z','2025-09-27T16:41:31.814Z','2025-09-27T17:40:22.196Z');
INSERT INTO cars VALUES(87,'Ford','Focus se','gray','100724A','PICKED_UP','2025-09-27T02:29:57.503Z',NULL,'2025-09-27T16:12:30.300Z','2025-09-27T17:13:33.492Z','2025-09-27T17:22:31.650Z');
INSERT INTO cars VALUES(88,'Honda','Accord','gold','535 516A','PICKED_UP','2025-09-27T02:29:57.503Z',NULL,'2025-09-27T16:52:11.055Z','2025-09-27T17:16:29.856Z','2025-09-27T17:27:02.116Z');
INSERT INTO cars VALUES(89,'GMC','Arcadia','white','55J453','PICKED_UP','2025-09-27T02:29:57.503Z',NULL,'2025-09-27T17:02:46.250Z','2025-09-27T17:49:49.715Z','2025-09-27T19:03:43.139Z');
INSERT INTO cars VALUES(90,'Toyota','Camry','gold','??????','PICKED_UP','2025-09-27T02:29:57.503Z',NULL,'2025-09-27T18:12:46.133Z','2025-09-27T18:51:12.123Z','2025-09-27T18:55:21.937Z');
INSERT INTO cars VALUES(91,'Kia','Soul','white','2L 8722','PICKED_UP','2025-09-27T02:29:57.503Z',NULL,'2025-09-27T16:49:40.187Z','2025-09-27T17:30:28.162Z','2025-09-27T17:42:34.661Z');
INSERT INTO cars VALUES(92,'Ford','Edge','silver','612555a','PRE_ARRIVAL','2025-09-27T02:29:57.503Z',NULL,NULL,NULL,NULL);
INSERT INTO cars VALUES(93,'Kia','Sorento','gray','KLD3855','PICKED_UP','2025-09-27T02:29:57.503Z',NULL,'2025-09-27T16:57:49.714Z','2025-09-27T17:33:33.366Z','2025-09-27T18:10:28.985Z');
INSERT INTO cars VALUES(94,'Buick','Enclave','silver','48K234','PRE_ARRIVAL','2025-09-27T02:29:57.503Z',NULL,NULL,NULL,NULL);
INSERT INTO cars VALUES(95,'Mercedes Benz','C300','gray','403864a','PRE_ARRIVAL','2025-09-27T02:29:57.503Z',NULL,NULL,NULL,NULL);
INSERT INTO cars VALUES(96,'Mazda','Mazda3','white','OYK 310','PICKED_UP','2025-09-27T02:29:57.503Z',NULL,'2025-09-27T16:40:55.728Z','2025-09-27T17:16:34.784Z','2025-09-27T17:45:41.912Z');
INSERT INTO cars VALUES(97,'Chevy','Traverse','white','JEP4263','PRE_ARRIVAL','2025-09-27T02:29:57.503Z',NULL,NULL,NULL,NULL);
INSERT INTO cars VALUES(98,'Mazda','5','black','2WS605','PRE_ARRIVAL','2025-09-27T02:29:57.503Z',NULL,NULL,NULL,NULL);
INSERT INTO cars VALUES(99,'Jeep','Cherokee','red','Ohio KGS6220','PRE_ARRIVAL','2025-09-27T02:29:57.503Z',NULL,NULL,NULL,NULL);
INSERT INTO cars VALUES(100,'Infiniti','M37Xs','gray','Eej6973','PICKED_UP','2025-09-27T02:29:57.503Z',NULL,'2025-09-27T16:51:03.257Z','2025-09-27T17:31:11.056Z','2025-09-27T17:41:55.046Z');
INSERT INTO cars VALUES(101,'Chevrolet','Traverse','white','69P356','PICKED_UP','2025-09-27T02:29:57.503Z',NULL,'2025-09-27T17:13:04.769Z','2025-09-27T17:35:35.673Z','2025-09-27T18:22:43.590Z');
INSERT INTO cars VALUES(102,'Chevy','Cruize','blue','88N609','PRE_ARRIVAL','2025-09-27T02:29:57.503Z',NULL,NULL,NULL,NULL);
INSERT INTO cars VALUES(103,'Pontiac','Torrent','black','844174A','PRE_ARRIVAL','2025-09-27T02:29:57.503Z',NULL,NULL,NULL,NULL);
INSERT INTO cars VALUES(104,'Hyundai','Ioniq','white','417237A','PICKED_UP','2025-09-27T02:29:57.503Z',NULL,'2025-09-27T17:16:59.512Z','2025-09-27T18:11:59.874Z','2025-09-27T18:17:27.575Z');
INSERT INTO cars VALUES(105,'Toyota','Rav 4','gray','2XY495','PRE_ARRIVAL','2025-09-27T02:29:57.503Z',NULL,NULL,NULL,NULL);
INSERT INTO cars VALUES(106,'Buick','Regal','red','68H595','PICKED_UP','2025-09-27T02:29:57.503Z',NULL,'2025-09-27T17:31:44.860Z','2025-09-27T18:03:18.436Z','2025-09-27T18:29:39.042Z');
INSERT INTO cars VALUES(107,'Chevrolet','Malibu','gold','304 169A','PICKED_UP','2025-09-27T02:29:57.503Z',NULL,'2025-09-27T17:31:18.907Z','2025-09-27T17:31:52.933Z','2025-09-27T17:49:36.467Z');
INSERT INTO cars VALUES(108,'Mercury','Milan Premier','brown','2wk 674','PICKED_UP','2025-09-27T02:29:57.503Z',NULL,'2025-09-27T17:08:01.278Z','2025-09-27T17:33:26.748Z','2025-09-27T17:44:43.166Z');
INSERT INTO cars VALUES(109,'Kia','Sorento','red','32W727','PRE_ARRIVAL','2025-09-27T02:29:57.503Z',NULL,NULL,NULL,NULL);
INSERT INTO cars VALUES(110,'Toyota','Rav4 le','red','905 383A','PICKED_UP','2025-09-27T02:29:57.503Z',NULL,'2025-09-27T17:03:56.313Z','2025-09-27T17:36:47.818Z','2025-09-27T17:52:56.917Z');
INSERT INTO cars VALUES(111,'Chevy','Equinox','white','732624A','PRE_ARRIVAL','2025-09-27T02:29:57.503Z',NULL,NULL,NULL,NULL);
INSERT INTO cars VALUES(112,'GMC','Acadia','black','92C439','PICKED_UP','2025-09-27T02:29:57.503Z',NULL,'2025-09-27T17:16:27.474Z','2025-09-27T17:45:15.395Z','2025-09-27T18:45:42.355Z');
INSERT INTO cars VALUES(113,'Mitsubishi','Outlander','red','GEQ8174','PICKED_UP','2025-09-27T02:29:57.503Z',NULL,'2025-09-27T18:13:44.598Z','2025-09-27T18:34:35.187Z','2025-09-27T18:47:22.168Z');
INSERT INTO cars VALUES(114,'Nissan','Maxima','red','223911A','PICKED_UP','2025-09-27T02:29:57.503Z',NULL,'2025-09-27T17:47:16.064Z','2025-09-27T18:09:28.666Z','2025-09-27T18:31:24.292Z');
INSERT INTO cars VALUES(115,'Subaru','WRX','blue','BXW 0233','PICKED_UP','2025-09-27T02:29:57.503Z',NULL,'2025-09-27T17:58:46.543Z','2025-09-27T18:27:54.912Z','2025-09-27T18:54:27.202Z');
INSERT INTO cars VALUES(116,'Ford','Escape XLT','gold','JZB 8975','PRE_ARRIVAL','2025-09-27T02:29:57.503Z',NULL,NULL,NULL,NULL);
INSERT INTO cars VALUES(117,'GMC','Sierra','blue','6pk 554','PRE_ARRIVAL','2025-09-27T02:29:57.503Z',NULL,NULL,NULL,NULL);
INSERT INTO cars VALUES(118,'Toyota','Camry','silver','Ozh434','PICKED_UP','2025-09-27T02:29:57.503Z',NULL,'2025-09-27T13:58:16.032Z','2025-09-27T14:24:31.657Z','2025-09-27T14:39:39.161Z');
INSERT INTO cars VALUES(119,'Mazda','CX-5','white','64B 672','PICKED_UP','2025-09-27T02:29:57.503Z',NULL,'2025-09-27T17:52:43.911Z','2025-09-27T18:18:54.823Z','2025-09-27T18:57:45.649Z');
INSERT INTO cars VALUES(120,'Chrysler','PT Cruiser','purple','KRE5978','PRE_ARRIVAL','2025-09-27T02:29:57.503Z',NULL,NULL,NULL,NULL);
INSERT INTO cars VALUES(121,'Ford','Fusion','red','205053A','PICKED_UP','2025-09-27T02:29:57.503Z',NULL,'2025-09-27T17:28:08.562Z','2025-09-27T18:08:10.904Z','2025-09-27T18:37:37.765Z');
INSERT INTO cars VALUES(122,'Chrysler','Town and country','red','Kam6935','PRE_ARRIVAL','2025-09-27T02:29:57.503Z',NULL,NULL,NULL,NULL);
CREATE TABLE status_history (
    id INTEGER PRIMARY KEY AUTOINCREMENT,
    car_id INTEGER NOT NULL,
    previous_status TEXT,
    new_status TEXT NOT NULL,
    changed_at DATETIME DEFAULT CURRENT_TIMESTAMP,
    FOREIGN KEY (car_id) REFERENCES cars(id) ON DELETE CASCADE
);
INSERT INTO status_history VALUES(30,27,'PRE_ARRIVAL','ON_DECK','2025-09-27T13:36:58.430Z');
INSERT INTO status_history VALUES(31,16,'PRE_ARRIVAL','ON_DECK','2025-09-27T13:38:57.672Z');
INSERT INTO status_history VALUES(32,3,'PRE_ARRIVAL','ON_DECK','2025-09-27T13:41:30.550Z');
INSERT INTO status_history VALUES(33,15,'PRE_ARRIVAL','ON_DECK','2025-09-27T13:44:18.140Z');
INSERT INTO status_history VALUES(34,7,'PRE_ARRIVAL','ON_DECK','2025-09-27T13:46:08.634Z');
INSERT INTO status_history VALUES(35,1,'PRE_ARRIVAL','ON_DECK','2025-09-27T13:47:24.719Z');
INSERT INTO status_history VALUES(36,9,'PRE_ARRIVAL','ON_DECK','2025-09-27T13:52:01.933Z');
INSERT INTO status_history VALUES(37,0,'PRE_ARRIVAL','ON_DECK','2025-09-27T13:54:49.529Z');
INSERT INTO status_history VALUES(38,118,'PRE_ARRIVAL','ON_DECK','2025-09-27T13:58:16.032Z');
INSERT INTO status_history VALUES(39,8,'PRE_ARRIVAL','ON_DECK','2025-09-27T13:59:50.646Z');
INSERT INTO status_history VALUES(40,12,'PRE_ARRIVAL','ON_DECK','2025-09-27T14:06:44.975Z');
INSERT INTO status_history VALUES(41,5,'PRE_ARRIVAL','ON_DECK','2025-09-27T14:09:20.193Z');
INSERT INTO status_history VALUES(42,27,'ON_DECK','DONE','2025-09-27T14:12:47.232Z');
INSERT INTO status_history VALUES(43,14,'PRE_ARRIVAL','ON_DECK','2025-09-27T14:12:56.451Z');
INSERT INTO status_history VALUES(44,24,'PRE_ARRIVAL','ON_DECK','2025-09-27T14:14:29.110Z');
INSERT INTO status_history VALUES(45,14,'ON_DECK','REGISTERED','2025-09-27T14:14:42.248Z');
INSERT INTO status_history VALUES(46,22,'PRE_ARRIVAL','REGISTERED','2025-09-27T14:15:18.462Z');
INSERT INTO status_history VALUES(47,14,'REGISTERED','ON_DECK','2025-09-27T14:17:32.459Z');
INSERT INTO status_history VALUES(48,29,'PRE_ARRIVAL','REGISTERED','2025-09-27T14:17:41.133Z');
INSERT INTO status_history VALUES(49,21,'PRE_ARRIVAL','REGISTERED','2025-09-27T14:19:39.089Z');
INSERT INTO status_history VALUES(50,22,'REGISTERED','ON_DECK','2025-09-27T14:20:42.045Z');
INSERT INTO status_history VALUES(51,25,'PRE_ARRIVAL','REGISTERED','2025-09-27T14:22:10.385Z');
INSERT INTO status_history VALUES(52,3,'ON_DECK','DONE','2025-09-27T14:23:08.485Z');
INSERT INTO status_history VALUES(53,9,'ON_DECK','DONE','2025-09-27T14:23:16.310Z');
INSERT INTO status_history VALUES(54,27,'DONE','PICKED_UP','2025-09-27T14:23:48.672Z');
INSERT INTO status_history VALUES(55,19,'PRE_ARRIVAL','REGISTERED','2025-09-27T14:24:23.710Z');
INSERT INTO status_history VALUES(56,118,'ON_DECK','DONE','2025-09-27T14:24:31.657Z');
INSERT INTO status_history VALUES(57,1,'ON_DECK','DONE','2025-09-27T14:27:51.169Z');
INSERT INTO status_history VALUES(58,9,'DONE','PICKED_UP','2025-09-27T14:27:55.748Z');
INSERT INTO status_history VALUES(59,7,'ON_DECK','DONE','2025-09-27T14:28:16.722Z');
INSERT INTO status_history VALUES(60,21,'REGISTERED','ON_DECK','2025-09-27T14:28:40.079Z');
INSERT INTO status_history VALUES(61,25,'REGISTERED','ON_DECK','2025-09-27T14:28:47.671Z');
INSERT INTO status_history VALUES(62,29,'REGISTERED','ON_DECK','2025-09-27T14:28:54.190Z');
INSERT INTO status_history VALUES(63,31,'PRE_ARRIVAL','REGISTERED','2025-09-27T14:29:00.318Z');
INSERT INTO status_history VALUES(64,3,'DONE','PICKED_UP','2025-09-27T14:30:28.898Z');
INSERT INTO status_history VALUES(65,19,'REGISTERED','ON_DECK','2025-09-27T14:30:55.774Z');
INSERT INTO status_history VALUES(66,8,'ON_DECK','DONE','2025-09-27T14:31:31.856Z');
INSERT INTO status_history VALUES(67,18,'PRE_ARRIVAL','REGISTERED','2025-09-27T14:31:53.802Z');
INSERT INTO status_history VALUES(68,26,'PRE_ARRIVAL','REGISTERED','2025-09-27T14:33:23.860Z');
INSERT INTO status_history VALUES(69,31,'REGISTERED','ON_DECK','2025-09-27T14:34:28.438Z');
INSERT INTO status_history VALUES(70,6,'PRE_ARRIVAL','REGISTERED','2025-09-27T14:36:00.379Z');
INSERT INTO status_history VALUES(71,10,'PRE_ARRIVAL','REGISTERED','2025-09-27T14:36:08.788Z');
INSERT INTO status_history VALUES(72,24,'ON_DECK','DONE','2025-09-27T14:36:22.386Z');
INSERT INTO status_history VALUES(73,26,'REGISTERED','ON_DECK','2025-09-27T14:38:51.733Z');
INSERT INTO status_history VALUES(74,118,'DONE','PICKED_UP','2025-09-27T14:39:39.161Z');
INSERT INTO status_history VALUES(75,20,'PRE_ARRIVAL','REGISTERED','2025-09-27T14:41:04.381Z');
INSERT INTO status_history VALUES(76,10,'REGISTERED','ON_DECK','2025-09-27T14:41:43.669Z');
INSERT INTO status_history VALUES(77,6,'REGISTERED','ON_DECK','2025-09-27T14:41:51.951Z');
INSERT INTO status_history VALUES(78,5,'ON_DECK','DONE','2025-09-27T14:42:39.462Z');
INSERT INTO status_history VALUES(79,12,'ON_DECK','DONE','2025-09-27T14:42:46.185Z');
INSERT INTO status_history VALUES(80,16,'ON_DECK','DONE','2025-09-27T14:42:51.810Z');
INSERT INTO status_history VALUES(81,40,'PRE_ARRIVAL','REGISTERED','2025-09-27T14:43:03.550Z');
INSERT INTO status_history VALUES(82,18,'REGISTERED','ON_DECK','2025-09-27T14:43:50.507Z');
INSERT INTO status_history VALUES(83,1,'DONE','PICKED_UP','2025-09-27T14:44:50.537Z');
INSERT INTO status_history VALUES(84,29,'ON_DECK','DONE','2025-09-27T14:44:56.511Z');
INSERT INTO status_history VALUES(85,20,'REGISTERED','ON_DECK','2025-09-27T14:46:11.509Z');
INSERT INTO status_history VALUES(86,21,'ON_DECK','DONE','2025-09-27T14:46:41.980Z');
INSERT INTO status_history VALUES(87,0,'ON_DECK','DONE','2025-09-27T14:46:59.823Z');
INSERT INTO status_history VALUES(88,40,'REGISTERED','ON_DECK','2025-09-27T14:48:01.523Z');
INSERT INTO status_history VALUES(89,19,'ON_DECK','DONE','2025-09-27T14:49:15.884Z');
INSERT INTO status_history VALUES(90,49,'PRE_ARRIVAL','ON_DECK','2025-09-27T14:49:44.921Z');
INSERT INTO status_history VALUES(91,22,'ON_DECK','DONE','2025-09-27T14:49:47.817Z');
INSERT INTO status_history VALUES(92,41,'PRE_ARRIVAL','ON_DECK','2025-09-27T14:51:20.008Z');
INSERT INTO status_history VALUES(93,0,'DONE','PICKED_UP','2025-09-27T14:51:41.084Z');
INSERT INTO status_history VALUES(94,14,'ON_DECK','DONE','2025-09-27T14:52:23.084Z');
INSERT INTO status_history VALUES(95,44,'PRE_ARRIVAL','ON_DECK','2025-09-27T14:52:58.620Z');
INSERT INTO status_history VALUES(96,34,'PRE_ARRIVAL','ON_DECK','2025-09-27T14:53:35.070Z');
INSERT INTO status_history VALUES(97,15,'ON_DECK','DONE','2025-09-27T14:54:00.262Z');
INSERT INTO status_history VALUES(98,43,'PRE_ARRIVAL','REGISTERED','2025-09-27T14:57:33.112Z');
INSERT INTO status_history VALUES(99,19,'DONE','PICKED_UP','2025-09-27T14:58:08.620Z');
INSERT INTO status_history VALUES(100,21,'DONE','PICKED_UP','2025-09-27T14:58:11.976Z');
INSERT INTO status_history VALUES(101,35,'PRE_ARRIVAL','REGISTERED','2025-09-27T15:00:03.402Z');
INSERT INTO status_history VALUES(102,32,'PRE_ARRIVAL','REGISTERED','2025-09-27T15:02:50.382Z');
INSERT INTO status_history VALUES(103,31,'ON_DECK','DONE','2025-09-27T15:05:28.455Z');
INSERT INTO status_history VALUES(104,18,'ON_DECK','DONE','2025-09-27T15:05:44.194Z');
INSERT INTO status_history VALUES(105,29,'DONE','PICKED_UP','2025-09-27T15:06:33.706Z');
INSERT INTO status_history VALUES(106,12,'DONE','PICKED_UP','2025-09-27T15:06:40.112Z');
INSERT INTO status_history VALUES(107,15,'DONE','PICKED_UP','2025-09-27T15:06:47.519Z');
INSERT INTO status_history VALUES(108,7,'DONE','PICKED_UP','2025-09-27T15:07:22.185Z');
INSERT INTO status_history VALUES(109,24,'DONE','PICKED_UP','2025-09-27T15:07:30.136Z');
INSERT INTO status_history VALUES(110,22,'DONE','PICKED_UP','2025-09-27T15:07:39.233Z');
INSERT INTO status_history VALUES(111,32,'REGISTERED','ON_DECK','2025-09-27T15:07:57.023Z');
INSERT INTO status_history VALUES(112,35,'REGISTERED','ON_DECK','2025-09-27T15:08:00.588Z');
INSERT INTO status_history VALUES(113,18,'DONE','PICKED_UP','2025-09-27T15:08:22.212Z');
INSERT INTO status_history VALUES(114,43,'REGISTERED','ON_DECK','2025-09-27T15:08:30.663Z');
INSERT INTO status_history VALUES(115,14,'DONE','PICKED_UP','2025-09-27T15:08:35.476Z');
INSERT INTO status_history VALUES(116,33,'PRE_ARRIVAL','REGISTERED','2025-09-27T15:08:38.945Z');
INSERT INTO status_history VALUES(117,10,'ON_DECK','DONE','2025-09-27T15:08:46.915Z');
INSERT INTO status_history VALUES(118,42,'PRE_ARRIVAL','REGISTERED','2025-09-27T15:09:38.263Z');
INSERT INTO status_history VALUES(119,31,'DONE','PICKED_UP','2025-09-27T15:10:25.251Z');
INSERT INTO status_history VALUES(120,33,'REGISTERED','ON_DECK','2025-09-27T15:10:34.637Z');
INSERT INTO status_history VALUES(121,42,'REGISTERED','ON_DECK','2025-09-27T15:10:36.451Z');
INSERT INTO status_history VALUES(122,41,'ON_DECK','DONE','2025-09-27T15:10:42.594Z');
INSERT INTO status_history VALUES(123,25,'ON_DECK','DONE','2025-09-27T15:11:00.143Z');
INSERT INTO status_history VALUES(124,54,'PRE_ARRIVAL','ON_DECK','2025-09-27T15:12:10.314Z');
INSERT INTO status_history VALUES(125,10,'DONE','PICKED_UP','2025-09-27T15:12:40.858Z');
INSERT INTO status_history VALUES(126,26,'ON_DECK','DONE','2025-09-27T15:13:16.794Z');
INSERT INTO status_history VALUES(127,39,'PRE_ARRIVAL','ON_DECK','2025-09-27T15:13:21.660Z');
INSERT INTO status_history VALUES(128,40,'ON_DECK','DONE','2025-09-27T15:13:25.268Z');
INSERT INTO status_history VALUES(129,38,'PRE_ARRIVAL','REGISTERED','2025-09-27T15:13:53.290Z');
INSERT INTO status_history VALUES(130,46,'PRE_ARRIVAL','REGISTERED','2025-09-27T15:15:29.588Z');
INSERT INTO status_history VALUES(131,55,'PRE_ARRIVAL','REGISTERED','2025-09-27T15:16:36.566Z');
INSERT INTO status_history VALUES(132,38,'REGISTERED','ON_DECK','2025-09-27T15:16:51.520Z');
INSERT INTO status_history VALUES(133,59,'PRE_ARRIVAL','REGISTERED','2025-09-27T15:17:15.367Z');
INSERT INTO status_history VALUES(134,50,'PRE_ARRIVAL','REGISTERED','2025-09-27T15:17:44.139Z');
INSERT INTO status_history VALUES(135,26,'DONE','PICKED_UP','2025-09-27T15:18:32.108Z');
INSERT INTO status_history VALUES(136,44,'ON_DECK','DONE','2025-09-27T15:20:24.846Z');
INSERT INTO status_history VALUES(137,46,'REGISTERED','ON_DECK','2025-09-27T15:21:04.197Z');
INSERT INTO status_history VALUES(138,50,'REGISTERED','ON_DECK','2025-09-27T15:23:17.681Z');
INSERT INTO status_history VALUES(139,41,'DONE','PICKED_UP','2025-09-27T15:23:36.171Z');
INSERT INTO status_history VALUES(140,40,'DONE','PICKED_UP','2025-09-27T15:23:40.309Z');
INSERT INTO status_history VALUES(141,25,'DONE','PICKED_UP','2025-09-27T15:23:43.453Z');
INSERT INTO status_history VALUES(142,56,'PRE_ARRIVAL','REGISTERED','2025-09-27T15:23:43.741Z');
INSERT INTO status_history VALUES(143,6,'ON_DECK','DONE','2025-09-27T15:23:58.676Z');
INSERT INTO status_history VALUES(144,2,'PRE_ARRIVAL','REGISTERED','2025-09-27T15:26:22.932Z');
INSERT INTO status_history VALUES(145,44,'DONE','PICKED_UP','2025-09-27T15:26:42.674Z');
INSERT INTO status_history VALUES(146,49,'ON_DECK','DONE','2025-09-27T15:26:52.368Z');
INSERT INTO status_history VALUES(147,56,'REGISTERED','ON_DECK','2025-09-27T15:27:08.687Z');
INSERT INTO status_history VALUES(148,55,'REGISTERED','ON_DECK','2025-09-27T15:27:12.379Z');
INSERT INTO status_history VALUES(149,8,'DONE','PICKED_UP','2025-09-27T15:28:28.578Z');
INSERT INTO status_history VALUES(150,52,'PRE_ARRIVAL','REGISTERED','2025-09-27T15:28:50.609Z');
INSERT INTO status_history VALUES(151,2,'REGISTERED','ON_DECK','2025-09-27T15:29:00.938Z');
INSERT INTO status_history VALUES(152,34,'ON_DECK','DONE','2025-09-27T15:30:07.924Z');
INSERT INTO status_history VALUES(153,6,'DONE','PICKED_UP','2025-09-27T15:30:27.242Z');
INSERT INTO status_history VALUES(154,33,'ON_DECK','DONE','2025-09-27T15:30:36.789Z');
INSERT INTO status_history VALUES(155,34,'DONE','PICKED_UP','2025-09-27T15:31:59.662Z');
INSERT INTO status_history VALUES(156,2,'ON_DECK','REGISTERED','2025-09-27T15:32:01.132Z');
INSERT INTO status_history VALUES(157,57,'PRE_ARRIVAL','REGISTERED','2025-09-27T15:32:27.753Z');
INSERT INTO status_history VALUES(158,49,'DONE','PICKED_UP','2025-09-27T15:32:31.544Z');
INSERT INTO status_history VALUES(159,77,'PRE_ARRIVAL','REGISTERED','2025-09-27T15:33:39.677Z');
INSERT INTO status_history VALUES(160,58,'PRE_ARRIVAL','REGISTERED','2025-09-27T15:33:57.693Z');
INSERT INTO status_history VALUES(161,52,'REGISTERED','ON_DECK','2025-09-27T15:34:40.996Z');
INSERT INTO status_history VALUES(162,59,'REGISTERED','ON_DECK','2025-09-27T15:34:45.193Z');
INSERT INTO status_history VALUES(163,39,'ON_DECK','DONE','2025-09-27T15:35:00.474Z');
INSERT INTO status_history VALUES(164,35,'ON_DECK','DONE','2025-09-27T15:37:33.263Z');
INSERT INTO status_history VALUES(165,2,'REGISTERED','ON_DECK','2025-09-27T15:38:49.103Z');
INSERT INTO status_history VALUES(166,57,'REGISTERED','ON_DECK','2025-09-27T15:38:54.043Z');
INSERT INTO status_history VALUES(167,48,'PRE_ARRIVAL','REGISTERED','2025-09-27T15:39:30.424Z');
INSERT INTO status_history VALUES(168,32,'ON_DECK','DONE','2025-09-27T15:40:43.077Z');
INSERT INTO status_history VALUES(169,54,'ON_DECK','DONE','2025-09-27T15:40:49.587Z');
INSERT INTO status_history VALUES(170,53,'PRE_ARRIVAL','REGISTERED','2025-09-27T15:41:19.884Z');
INSERT INTO status_history VALUES(171,77,'REGISTERED','ON_DECK','2025-09-27T15:42:14.571Z');
INSERT INTO status_history VALUES(172,58,'REGISTERED','ON_DECK','2025-09-27T15:42:31.998Z');
INSERT INTO status_history VALUES(173,62,'PRE_ARRIVAL','REGISTERED','2025-09-27T15:43:09.879Z');
INSERT INTO status_history VALUES(174,43,'ON_DECK','DONE','2025-09-27T15:43:17.472Z');
INSERT INTO status_history VALUES(175,33,'DONE','PICKED_UP','2025-09-27T15:45:15.070Z');
INSERT INTO status_history VALUES(176,54,'DONE','PICKED_UP','2025-09-27T15:48:54.338Z');
INSERT INTO status_history VALUES(177,20,'ON_DECK','DONE','2025-09-27T15:49:45.888Z');
INSERT INTO status_history VALUES(178,51,'PRE_ARRIVAL','REGISTERED','2025-09-27T15:50:57.974Z');
INSERT INTO status_history VALUES(179,35,'DONE','PICKED_UP','2025-09-27T15:51:04.565Z');
INSERT INTO status_history VALUES(180,43,'DONE','PICKED_UP','2025-09-27T15:51:47.261Z');
INSERT INTO status_history VALUES(181,16,'DONE','PICKED_UP','2025-09-27T15:53:02.574Z');
INSERT INTO status_history VALUES(182,48,'REGISTERED','ON_DECK','2025-09-27T15:53:19.837Z');
INSERT INTO status_history VALUES(183,53,'REGISTERED','ON_DECK','2025-09-27T15:53:27.949Z');
INSERT INTO status_history VALUES(184,62,'REGISTERED','ON_DECK','2025-09-27T15:53:55.522Z');
INSERT INTO status_history VALUES(185,46,'ON_DECK','DONE','2025-09-27T15:55:12.680Z');
INSERT INTO status_history VALUES(186,64,'PRE_ARRIVAL','REGISTERED','2025-09-27T15:55:14.565Z');
INSERT INTO status_history VALUES(187,56,'ON_DECK','DONE','2025-09-27T15:56:26.660Z');
INSERT INTO status_history VALUES(188,51,'REGISTERED','ON_DECK','2025-09-27T15:56:35.278Z');
INSERT INTO status_history VALUES(189,64,'REGISTERED','ON_DECK','2025-09-27T15:56:52.632Z');
INSERT INTO status_history VALUES(190,38,'ON_DECK','DONE','2025-09-27T15:57:56.911Z');
INSERT INTO status_history VALUES(191,65,'PRE_ARRIVAL','REGISTERED','2025-09-27T15:58:37.213Z');
INSERT INTO status_history VALUES(192,38,'DONE','PICKED_UP','2025-09-27T15:58:39.969Z');
INSERT INTO status_history VALUES(193,39,'DONE','PICKED_UP','2025-09-27T15:58:44.504Z');
INSERT INTO status_history VALUES(194,66,'PRE_ARRIVAL','REGISTERED','2025-09-27T16:01:07.176Z');
INSERT INTO status_history VALUES(195,65,'REGISTERED','ON_DECK','2025-09-27T16:01:15.072Z');
INSERT INTO status_history VALUES(196,20,'DONE','PICKED_UP','2025-09-27T16:01:22.947Z');
INSERT INTO status_history VALUES(197,66,'REGISTERED','ON_DECK','2025-09-27T16:02:04.670Z');
INSERT INTO status_history VALUES(198,78,'PRE_ARRIVAL','REGISTERED','2025-09-27T16:02:19.519Z');
INSERT INTO status_history VALUES(199,78,'REGISTERED','ON_DECK','2025-09-27T16:03:27.033Z');
INSERT INTO status_history VALUES(200,68,'PRE_ARRIVAL','REGISTERED','2025-09-27T16:03:34.317Z');
INSERT INTO status_history VALUES(201,68,'REGISTERED','ON_DECK','2025-09-27T16:04:27.422Z');
INSERT INTO status_history VALUES(202,77,'ON_DECK','DONE','2025-09-27T16:04:37.841Z');
INSERT INTO status_history VALUES(203,57,'ON_DECK','DONE','2025-09-27T16:04:55.371Z');
INSERT INTO status_history VALUES(204,42,'ON_DECK','DONE','2025-09-27T16:04:58.526Z');
INSERT INTO status_history VALUES(205,81,'PRE_ARRIVAL','ON_DECK','2025-09-27T16:05:41.227Z');
INSERT INTO status_history VALUES(206,56,'DONE','PICKED_UP','2025-09-27T16:05:49.260Z');
INSERT INTO status_history VALUES(207,52,'ON_DECK','DONE','2025-09-27T16:05:56.288Z');
INSERT INTO status_history VALUES(208,55,'ON_DECK','DONE','2025-09-27T16:07:34.189Z');
INSERT INTO status_history VALUES(209,72,'PRE_ARRIVAL','ON_DECK','2025-09-27T16:08:08.452Z');
INSERT INTO status_history VALUES(210,42,'DONE','PICKED_UP','2025-09-27T16:08:53.193Z');
INSERT INTO status_history VALUES(211,55,'DONE','PICKED_UP','2025-09-27T16:09:48.405Z');
INSERT INTO status_history VALUES(212,5,'DONE','PICKED_UP','2025-09-27T16:11:06.420Z');
INSERT INTO status_history VALUES(213,2,'ON_DECK','DONE','2025-09-27T16:11:22.134Z');
INSERT INTO status_history VALUES(214,46,'DONE','PICKED_UP','2025-09-27T16:12:01.481Z');
INSERT INTO status_history VALUES(215,50,'ON_DECK','DONE','2025-09-27T16:12:08.096Z');
INSERT INTO status_history VALUES(216,59,'ON_DECK','DONE','2025-09-27T16:12:17.826Z');
INSERT INTO status_history VALUES(217,87,'PRE_ARRIVAL','ON_DECK','2025-09-27T16:12:30.300Z');
INSERT INTO status_history VALUES(218,86,'PRE_ARRIVAL','ON_DECK','2025-09-27T16:15:50.727Z');
INSERT INTO status_history VALUES(219,75,'PRE_ARRIVAL','REGISTERED','2025-09-27T16:16:46.546Z');
INSERT INTO status_history VALUES(220,64,'ON_DECK','DONE','2025-09-27T16:16:47.432Z');
INSERT INTO status_history VALUES(221,75,'REGISTERED','ON_DECK','2025-09-27T16:17:23.931Z');
INSERT INTO status_history VALUES(222,52,'DONE','PICKED_UP','2025-09-27T16:18:39.121Z');
INSERT INTO status_history VALUES(223,50,'DONE','PICKED_UP','2025-09-27T16:19:22.533Z');
INSERT INTO status_history VALUES(224,2,'DONE','PICKED_UP','2025-09-27T16:19:52.225Z');
INSERT INTO status_history VALUES(225,59,'DONE','PICKED_UP','2025-09-27T16:20:03.383Z');
INSERT INTO status_history VALUES(226,32,'DONE','PICKED_UP','2025-09-27T16:20:27.987Z');
INSERT INTO status_history VALUES(227,53,'ON_DECK','DONE','2025-09-27T16:20:52.575Z');
INSERT INTO status_history VALUES(228,58,'ON_DECK','DONE','2025-09-27T16:22:14.202Z');
INSERT INTO status_history VALUES(229,62,'ON_DECK','DONE','2025-09-27T16:27:59.268Z');
INSERT INTO status_history VALUES(230,66,'ON_DECK','DONE','2025-09-27T16:28:10.516Z');
INSERT INTO status_history VALUES(231,51,'ON_DECK','DONE','2025-09-27T16:28:20.441Z');
INSERT INTO status_history VALUES(232,53,'DONE','PICKED_UP','2025-09-27T16:30:45.097Z');
INSERT INTO status_history VALUES(233,51,'DONE','PICKED_UP','2025-09-27T16:31:13.708Z');
INSERT INTO status_history VALUES(234,64,'DONE','PICKED_UP','2025-09-27T16:33:22.311Z');
INSERT INTO status_history VALUES(235,81,'ON_DECK','DONE','2025-09-27T16:36:11.349Z');
INSERT INTO status_history VALUES(236,84,'PRE_ARRIVAL','ON_DECK','2025-09-27T16:36:12.117Z');
INSERT INTO status_history VALUES(237,48,'ON_DECK','DONE','2025-09-27T16:37:21.577Z');
INSERT INTO status_history VALUES(238,77,'DONE','PICKED_UP','2025-09-27T16:38:07.453Z');
INSERT INTO status_history VALUES(239,62,'DONE','PICKED_UP','2025-09-27T16:38:27.875Z');
INSERT INTO status_history VALUES(240,48,'DONE','PICKED_UP','2025-09-27T16:40:45.483Z');
INSERT INTO status_history VALUES(241,96,'PRE_ARRIVAL','ON_DECK','2025-09-27T16:40:55.728Z');
INSERT INTO status_history VALUES(242,68,'ON_DECK','DONE','2025-09-27T16:41:04.847Z');
INSERT INTO status_history VALUES(243,86,'ON_DECK','DONE','2025-09-27T16:41:31.814Z');
INSERT INTO status_history VALUES(244,58,'DONE','PICKED_UP','2025-09-27T16:44:54.607Z');
INSERT INTO status_history VALUES(245,65,'ON_DECK','DONE','2025-09-27T16:45:14.687Z');
INSERT INTO status_history VALUES(246,75,'ON_DECK','DONE','2025-09-27T16:46:29.823Z');
INSERT INTO status_history VALUES(247,57,'DONE','PICKED_UP','2025-09-27T16:47:57.274Z');
INSERT INTO status_history VALUES(248,72,'ON_DECK','DONE','2025-09-27T16:48:13.383Z');
INSERT INTO status_history VALUES(249,78,'ON_DECK','DONE','2025-09-27T16:49:04.887Z');
INSERT INTO status_history VALUES(250,91,'PRE_ARRIVAL','ON_DECK','2025-09-27T16:49:40.187Z');
INSERT INTO status_history VALUES(251,75,'DONE','PICKED_UP','2025-09-27T16:49:59.133Z');
INSERT INTO status_history VALUES(252,81,'DONE','PICKED_UP','2025-09-27T16:50:55.488Z');
INSERT INTO status_history VALUES(253,100,'PRE_ARRIVAL','ON_DECK','2025-09-27T16:51:03.257Z');
INSERT INTO status_history VALUES(254,88,'PRE_ARRIVAL','ON_DECK','2025-09-27T16:52:11.055Z');
INSERT INTO status_history VALUES(255,65,'DONE','PICKED_UP','2025-09-27T16:55:05.263Z');
INSERT INTO status_history VALUES(256,84,'ON_DECK','DONE','2025-09-27T16:55:18.253Z');
INSERT INTO status_history VALUES(257,93,'PRE_ARRIVAL','ON_DECK','2025-09-27T16:57:49.714Z');
INSERT INTO status_history VALUES(258,107,'PRE_ARRIVAL','ON_DECK','2025-09-27T17:00:16.770Z');
INSERT INTO status_history VALUES(259,78,'DONE','PICKED_UP','2025-09-27T17:00:37.635Z');
INSERT INTO status_history VALUES(260,68,'DONE','PICKED_UP','2025-09-27T17:00:43.406Z');
INSERT INTO status_history VALUES(261,72,'DONE','PICKED_UP','2025-09-27T17:00:49.274Z');
INSERT INTO status_history VALUES(262,13,'PRE_ARRIVAL','ON_DECK','2025-09-27T17:02:01.262Z');
INSERT INTO status_history VALUES(263,89,'PRE_ARRIVAL','ON_DECK','2025-09-27T17:02:46.250Z');
INSERT INTO status_history VALUES(264,110,'PRE_ARRIVAL','ON_DECK','2025-09-27T17:03:56.313Z');
INSERT INTO status_history VALUES(265,66,'DONE','PICKED_UP','2025-09-27T17:06:20.255Z');
INSERT INTO status_history VALUES(266,108,'PRE_ARRIVAL','PICKED_UP','2025-09-27T17:07:44.548Z');
INSERT INTO status_history VALUES(267,108,'PICKED_UP','ON_DECK','2025-09-27T17:08:01.278Z');
INSERT INTO status_history VALUES(268,101,'PRE_ARRIVAL','ON_DECK','2025-09-27T17:13:04.769Z');
INSERT INTO status_history VALUES(269,87,'ON_DECK','DONE','2025-09-27T17:13:33.492Z');
INSERT INTO status_history VALUES(270,107,'ON_DECK','DONE','2025-09-27T17:16:05.366Z');
INSERT INTO status_history VALUES(271,112,'PRE_ARRIVAL','ON_DECK','2025-09-27T17:16:27.474Z');
INSERT INTO status_history VALUES(272,88,'ON_DECK','DONE','2025-09-27T17:16:29.856Z');
INSERT INTO status_history VALUES(273,96,'ON_DECK','DONE','2025-09-27T17:16:34.784Z');
INSERT INTO status_history VALUES(274,104,'PRE_ARRIVAL','ON_DECK','2025-09-27T17:16:59.512Z');
INSERT INTO status_history VALUES(275,87,'DONE','PICKED_UP','2025-09-27T17:22:31.650Z');
INSERT INTO status_history VALUES(276,88,'DONE','PICKED_UP','2025-09-27T17:27:02.116Z');
INSERT INTO status_history VALUES(277,121,'PRE_ARRIVAL','ON_DECK','2025-09-27T17:28:08.562Z');
INSERT INTO status_history VALUES(278,73,'PRE_ARRIVAL','ON_DECK','2025-09-27T17:29:16.028Z');
INSERT INTO status_history VALUES(279,84,'DONE','PICKED_UP','2025-09-27T17:29:23.759Z');
INSERT INTO status_history VALUES(280,91,'ON_DECK','DONE','2025-09-27T17:30:28.162Z');
INSERT INTO status_history VALUES(281,100,'ON_DECK','DONE','2025-09-27T17:31:11.056Z');
INSERT INTO status_history VALUES(282,107,'DONE','ON_DECK','2025-09-27T17:31:18.907Z');
INSERT INTO status_history VALUES(283,106,'PRE_ARRIVAL','ON_DECK','2025-09-27T17:31:44.860Z');
INSERT INTO status_history VALUES(284,107,'ON_DECK','DONE','2025-09-27T17:31:52.933Z');
INSERT INTO status_history VALUES(285,108,'ON_DECK','DONE','2025-09-27T17:33:26.748Z');
INSERT INTO status_history VALUES(286,93,'ON_DECK','DONE','2025-09-27T17:33:33.366Z');
INSERT INTO status_history VALUES(287,101,'ON_DECK','DONE','2025-09-27T17:35:35.673Z');
INSERT INTO status_history VALUES(288,110,'ON_DECK','DONE','2025-09-27T17:36:47.818Z');
INSERT INTO status_history VALUES(289,86,'DONE','PICKED_UP','2025-09-27T17:40:22.196Z');
INSERT INTO status_history VALUES(290,100,'DONE','PICKED_UP','2025-09-27T17:41:55.046Z');
INSERT INTO status_history VALUES(291,91,'DONE','PICKED_UP','2025-09-27T17:42:34.661Z');
INSERT INTO status_history VALUES(292,108,'DONE','PICKED_UP','2025-09-27T17:44:43.166Z');
INSERT INTO status_history VALUES(293,112,'ON_DECK','DONE','2025-09-27T17:45:15.395Z');
INSERT INTO status_history VALUES(294,96,'DONE','PICKED_UP','2025-09-27T17:45:41.912Z');
INSERT INTO status_history VALUES(295,114,'PRE_ARRIVAL','ON_DECK','2025-09-27T17:47:16.064Z');
INSERT INTO status_history VALUES(296,107,'DONE','PICKED_UP','2025-09-27T17:49:36.467Z');
INSERT INTO status_history VALUES(297,89,'ON_DECK','DONE','2025-09-27T17:49:49.715Z');
INSERT INTO status_history VALUES(298,119,'PRE_ARRIVAL','ON_DECK','2025-09-27T17:52:43.911Z');
INSERT INTO status_history VALUES(299,110,'DONE','PICKED_UP','2025-09-27T17:52:56.917Z');
INSERT INTO status_history VALUES(300,63,'PRE_ARRIVAL','ON_DECK','2025-09-27T17:53:50.657Z');
INSERT INTO status_history VALUES(301,115,'PRE_ARRIVAL','ON_DECK','2025-09-27T17:58:46.543Z');
INSERT INTO status_history VALUES(302,13,'ON_DECK','DONE','2025-09-27T17:59:13.008Z');
INSERT INTO status_history VALUES(303,73,'ON_DECK','DONE','2025-09-27T17:59:46.309Z');
INSERT INTO status_history VALUES(304,13,'DONE','PICKED_UP','2025-09-27T18:02:41.972Z');
INSERT INTO status_history VALUES(305,106,'ON_DECK','DONE','2025-09-27T18:03:18.436Z');
INSERT INTO status_history VALUES(306,121,'ON_DECK','DONE','2025-09-27T18:08:10.904Z');
INSERT INTO status_history VALUES(307,114,'ON_DECK','DONE','2025-09-27T18:09:28.666Z');
INSERT INTO status_history VALUES(308,28,'PRE_ARRIVAL','ON_DECK','2025-09-27T18:09:41.658Z');
INSERT INTO status_history VALUES(309,73,'DONE','PICKED_UP','2025-09-27T18:09:56.497Z');
INSERT INTO status_history VALUES(310,93,'DONE','PICKED_UP','2025-09-27T18:10:28.985Z');
INSERT INTO status_history VALUES(311,104,'ON_DECK','DONE','2025-09-27T18:11:59.874Z');
INSERT INTO status_history VALUES(312,90,'PRE_ARRIVAL','ON_DECK','2025-09-27T18:12:46.133Z');
INSERT INTO status_history VALUES(313,113,'PRE_ARRIVAL','ON_DECK','2025-09-27T18:13:44.598Z');
INSERT INTO status_history VALUES(314,104,'DONE','PICKED_UP','2025-09-27T18:17:27.575Z');
INSERT INTO status_history VALUES(315,119,'ON_DECK','DONE','2025-09-27T18:18:54.823Z');
INSERT INTO status_history VALUES(316,101,'DONE','PICKED_UP','2025-09-27T18:22:43.590Z');
INSERT INTO status_history VALUES(317,115,'ON_DECK','DONE','2025-09-27T18:27:54.912Z');
INSERT INTO status_history VALUES(318,106,'DONE','PICKED_UP','2025-09-27T18:29:39.042Z');
INSERT INTO status_history VALUES(319,114,'DONE','PICKED_UP','2025-09-27T18:31:24.292Z');
INSERT INTO status_history VALUES(320,28,'ON_DECK','DONE','2025-09-27T18:32:05.452Z');
INSERT INTO status_history VALUES(321,113,'ON_DECK','DONE','2025-09-27T18:34:35.187Z');
INSERT INTO status_history VALUES(322,121,'DONE','PICKED_UP','2025-09-27T18:37:37.765Z');
INSERT INTO status_history VALUES(323,63,'ON_DECK','DONE','2025-09-27T18:38:29.789Z');
INSERT INTO status_history VALUES(324,63,'DONE','PICKED_UP','2025-09-27T18:42:25.034Z');
INSERT INTO status_history VALUES(325,112,'DONE','PICKED_UP','2025-09-27T18:45:42.355Z');
INSERT INTO status_history VALUES(326,113,'DONE','PICKED_UP','2025-09-27T18:47:22.168Z');
INSERT INTO status_history VALUES(327,90,'ON_DECK','DONE','2025-09-27T18:51:12.123Z');
INSERT INTO status_history VALUES(328,115,'DONE','PICKED_UP','2025-09-27T18:54:27.202Z');
INSERT INTO status_history VALUES(329,90,'DONE','PICKED_UP','2025-09-27T18:55:21.937Z');
INSERT INTO status_history VALUES(330,119,'DONE','PICKED_UP','2025-09-27T18:57:45.649Z');
INSERT INTO status_history VALUES(331,89,'DONE','PICKED_UP','2025-09-27T19:03:43.139Z');
INSERT INTO status_history VALUES(332,28,'DONE','PICKED_UP','2025-09-27T19:03:45.237Z');
DELETE FROM sqlite_sequence;
INSERT INTO sqlite_sequence VALUES('d1_migrations',3);
INSERT INTO sqlite_sequence VALUES('status_history',332);
CREATE INDEX idx_cars_status ON cars(status);
CREATE INDEX idx_cars_license_plate ON cars(license_plate);
CREATE INDEX idx_status_history_car_id ON status_history(car_id);
CREATE INDEX idx_status_history_changed_at ON status_history(changed_at);
CREATE INDEX idx_status_history_new_status ON status_history(new_status);
CREATE INDEX idx_status_history_car_status ON status_history(car_id, new_status);
